date,campaign,channel,impressions,clicks,cost,conversions,revenue,group
2025-04-16 04:32:04.560712,search_campaign,search,154774,4206,4458.89,137,11486.56,treatment
2025-04-16 04:32:04.560712,social_campaign,social,81138,1409,1172.69,29,2469.72,control
2025-04-16 04:32:04.560712,display_campaign,display,60141,418,188.54,6,357.76,treatment
2025-04-16 04:32:04.560712,email_campaign,email,18681,1802,268.68,58,3383.73,treatment
2025-04-16 04:32:04.560712,affiliate_campaign,affiliate,24614,523,442.06,7,638.99,treatment
2025-04-16 04:32:04.560712,video_campaign,video,29961,511,590.34,10,694.51,control
2025-04-17 04:32:04.560712,search_campaign,search,94062,3299,3555.53,43,3497.87,treatment
2025-04-17 04:32:04.560712,social_campaign,social,107405,2452,1782.22,71,4561.61,control
2025-04-17 04:32:04.560712,display_campaign,display,58662,447,229.99,3,183.56,treatment
2025-04-17 04:32:04.560712,email_campaign,email,16646,2535,425.03,82,5160.08,control
2025-04-17 04:32:04.560712,affiliate_campaign,affiliate,25823,673,609.44,20,1579.57,control
2025-04-17 04:32:04.560712,video_campaign,video,24363,279,346.72,2,139.12,control
2025-04-18 04:32:04.560712,search_campaign,search,90601,2254,3023.39,66,5802.47,treatment
2025-04-18 04:32:04.560712,social_campaign,social,85976,1929,1493.19,41,2620.38,treatment
2025-04-18 04:32:04.560712,display_campaign,display,59172,419,186.35,3,200.94,control
2025-04-18 04:32:04.560712,email_campaign,email,21462,3065,532.94,100,6079.49,treatment
2025-04-18 04:32:04.560712,affiliate_campaign,affiliate,30557,760,559.73,44,3308.47,control
2025-04-18 04:32:04.560712,video_campaign,video,36713,335,309.08,5,369.53,control
2025-04-19 04:32:04.560712,search_campaign,search,117474,2561,2797.07,65,5690.65,control
2025-04-19 04:32:04.560712,social_campaign,social,107455,2238,1706.79,57,3808.9,control
2025-04-19 04:32:04.560712,display_campaign,display,74700,618,313.4,9,570.16,control
2025-04-19 04:32:04.560712,email_campaign,email,15701,1776,288.64,42,2496.65,treatment
2025-04-19 04:32:04.560712,affiliate_campaign,affiliate,35175,927,983.37,33,2721.02,control
2025-04-19 04:32:04.560712,video_campaign,video,44175,492,616.78,15,1189.62,treatment
2025-04-20 04:32:04.560712,search_campaign,search,148723,4876,5541.95,128,12614.84,treatment
2025-04-20 04:32:04.560712,social_campaign,social,112303,2203,1747.7,44,3680.28,treatment
2025-04-20 04:32:04.560712,display_campaign,display,73601,765,366.19,12,646.56,control
2025-04-20 04:32:04.560712,email_campaign,email,18005,2383,408.63,107,5284.96,control
2025-04-20 04:32:04.560712,affiliate_campaign,affiliate,25507,794,781.35,30,2347.99,control
2025-04-20 04:32:04.560712,video_campaign,video,33738,441,446.89,7,467.34,treatment
2025-04-21 04:32:04.560712,search_campaign,search,123966,4254,4744.86,119,11346.89,control
2025-04-21 04:32:04.560712,social_campaign,social,98960,1841,1300.79,43,3154.9,control
2025-04-21 04:32:04.560712,display_campaign,display,60794,521,243.0,4,254.59,treatment
2025-04-21 04:32:04.560712,email_campaign,email,20584,2582,375.12,50,2631.45,control
2025-04-21 04:32:04.560712,affiliate_campaign,affiliate,25775,438,390.53,15,1094.93,control
2025-04-21 04:32:04.560712,video_campaign,video,39938,372,407.19,5,354.81,control
2025-04-22 04:32:04.560712,search_campaign,search,124478,4160,5579.33,117,10466.67,control
2025-04-22 04:32:04.560712,social_campaign,social,52657,1372,972.9,53,3496.34,treatment
2025-04-22 04:32:04.560712,display_campaign,display,62914,461,215.8,7,427.21,treatment
2025-04-22 04:32:04.560712,email_campaign,email,21470,2208,331.96,86,4617.74,control
2025-04-22 04:32:04.560712,affiliate_campaign,affiliate,24413,774,586.91,21,1847.7,control
2025-04-22 04:32:04.560712,video_campaign,video,40664,339,303.87,7,555.55,treatment
2025-04-23 04:32:04.560712,search_campaign,search,151063,4134,4812.0,98,9927.44,treatment
2025-04-23 04:32:04.560712,social_campaign,social,81332,1322,1152.21,18,1308.81,control
2025-04-23 04:32:04.560712,display_campaign,display,65631,438,258.26,8,475.3,treatment
2025-04-23 04:32:04.560712,email_campaign,email,22216,2454,331.61,185,10433.12,treatment
2025-04-23 04:32:04.560712,affiliate_campaign,affiliate,21512,329,245.4,7,642.27,treatment
2025-04-23 04:32:04.560712,video_campaign,video,26301,258,239.54,2,142.52,treatment
2025-04-24 04:32:04.560712,search_campaign,search,104221,3965,5673.45,101,8357.5,treatment
2025-04-24 04:32:04.560712,social_campaign,social,89108,1548,1156.6,21,1540.39,treatment
2025-04-24 04:32:04.560712,display_campaign,display,47336,364,185.82,0,0.0,control
2025-04-24 04:32:04.560712,email_campaign,email,26242,3331,423.08,217,10957.19,control
2025-04-24 04:32:04.560712,affiliate_campaign,affiliate,18031,559,597.97,15,1195.99,control
2025-04-24 04:32:04.560712,video_campaign,video,40794,503,452.91,10,653.49,treatment
2025-04-25 04:32:04.560712,search_campaign,search,114985,3392,4415.53,94,7374.29,control
2025-04-25 04:32:04.560712,social_campaign,social,82853,1350,1193.55,15,1246.23,treatment
2025-04-25 04:32:04.560712,display_campaign,display,66485,531,300.8,13,875.9,control
2025-04-25 04:32:04.560712,email_campaign,email,19963,2863,483.74,116,6125.15,treatment
2025-04-25 04:32:04.560712,affiliate_campaign,affiliate,24761,725,546.41,23,1982.13,treatment
2025-04-25 04:32:04.560712,video_campaign,video,38041,496,466.37,12,844.09,treatment
2025-04-26 04:32:04.560712,search_campaign,search,141627,5259,6820.52,192,16133.24,control
2025-04-26 04:32:04.560712,social_campaign,social,74590,835,593.66,20,1665.07,treatment
2025-04-26 04:32:04.560712,display_campaign,display,50293,419,241.04,2,114.4,treatment
2025-04-26 04:32:04.560712,email_campaign,email,16661,1758,259.28,81,3993.25,control
2025-04-26 04:32:04.560712,affiliate_campaign,affiliate,21202,531,547.68,8,616.53,control
2025-04-26 04:32:04.560712,video_campaign,video,33867,325,419.27,7,544.95,control
2025-04-27 04:32:04.560712,search_campaign,search,124753,3974,5279.12,193,19736.08,control
2025-04-27 04:32:04.560712,social_campaign,social,77502,1391,1216.93,35,2933.68,treatment
2025-04-27 04:32:04.560712,display_campaign,display,66947,565,292.05,7,405.22,control
2025-04-27 04:32:04.560712,email_campaign,email,17286,2565,325.11,97,5420.89,control
2025-04-27 04:32:04.560712,affiliate_campaign,affiliate,25306,570,424.14,12,974.53,control
2025-04-27 04:32:04.560712,video_campaign,video,35750,296,282.48,5,349.34,control
2025-04-28 04:32:04.560712,search_campaign,search,90692,4261,5637.33,129,10753.41,control
2025-04-28 04:32:04.560712,social_campaign,social,84107,1724,1361.98,42,2699.66,treatment
2025-04-28 04:32:04.560712,display_campaign,display,50049,379,223.48,4,270.88,control
2025-04-28 04:32:04.560712,email_campaign,email,20157,2339,321.42,77,4867.53,control
2025-04-28 04:32:04.560712,affiliate_campaign,affiliate,30279,779,660.99,30,2622.81,treatment
2025-04-28 04:32:04.560712,video_campaign,video,34621,529,584.88,18,1106.86,treatment
2025-04-29 04:32:04.560712,search_campaign,search,142896,5115,7046.19,238,20716.91,control
2025-04-29 04:32:04.560712,social_campaign,social,101749,1478,1068.72,23,1783.46,control
2025-04-29 04:32:04.560712,display_campaign,display,56766,334,140.96,5,336.11,treatment
2025-04-29 04:32:04.560712,email_campaign,email,23212,2079,276.97,57,2854.78,control
2025-04-29 04:32:04.560712,affiliate_campaign,affiliate,26666,595,493.51,19,1565.47,control
2025-04-29 04:32:04.560712,video_campaign,video,34293,452,499.06,7,461.37,control
2025-04-30 04:32:04.560712,search_campaign,search,117916,5345,6175.04,183,16684.4,control
2025-04-30 04:32:04.560712,social_campaign,social,53645,920,596.25,5,427.6,treatment
2025-04-30 04:32:04.560712,display_campaign,display,52505,381,161.38,7,424.97,control
2025-04-30 04:32:04.560712,email_campaign,email,23555,3151,548.55,149,8065.85,treatment
2025-04-30 04:32:04.560712,affiliate_campaign,affiliate,24890,704,649.15,24,1858.64,control
2025-04-30 04:32:04.560712,video_campaign,video,46939,581,683.61,7,472.79,control
2025-05-01 04:32:04.560712,search_campaign,search,97775,3245,4061.51,94,7946.17,treatment
2025-05-01 04:32:04.560712,social_campaign,social,85556,931,796.64,16,1063.13,treatment
2025-05-01 04:32:04.560712,display_campaign,display,44454,416,237.41,7,361.08,control
2025-05-01 04:32:04.560712,email_campaign,email,20917,1660,203.21,90,5643.7,treatment
2025-05-01 04:32:04.560712,affiliate_campaign,affiliate,33487,842,907.23,26,1814.14,control
2025-05-01 04:32:04.560712,video_campaign,video,47498,389,502.44,8,627.5,treatment
2025-05-02 04:32:04.560712,search_campaign,search,79364,2888,4105.47,89,8809.21,control
2025-05-02 04:32:04.560712,social_campaign,social,98092,1531,1240.95,34,2207.0,treatment
2025-05-02 04:32:04.560712,display_campaign,display,69267,482,240.19,6,375.98,control
2025-05-02 04:32:04.560712,email_campaign,email,20821,2570,379.96,116,6688.42,control
2025-05-02 04:32:04.560712,affiliate_campaign,affiliate,24335,504,494.74,9,809.42,control
2025-05-02 04:32:04.560712,video_campaign,video,36780,444,427.78,5,399.87,treatment
2025-05-03 04:32:04.560712,search_campaign,search,113763,3453,3478.2,136,11408.38,control
2025-05-03 04:32:04.560712,social_campaign,social,88749,1653,1279.39,24,1638.0,control
2025-05-03 04:32:04.560712,display_campaign,display,58363,571,310.61,5,259.74,treatment
2025-05-03 04:32:04.560712,email_campaign,email,20315,2317,351.68,145,8065.85,control
2025-05-03 04:32:04.560712,affiliate_campaign,affiliate,23848,606,454.18,26,1796.3,treatment
2025-05-03 04:32:04.560712,video_campaign,video,39058,630,595.42,13,874.86,treatment
2025-05-04 04:32:04.560712,search_campaign,search,113247,4156,5257.94,162,15184.44,control
2025-05-04 04:32:04.560712,social_campaign,social,80192,1320,1024.35,39,2555.37,treatment
2025-05-04 04:32:04.560712,display_campaign,display,59098,481,204.25,4,271.36,control
2025-05-04 04:32:04.560712,email_campaign,email,13843,1888,246.38,99,5090.93,treatment
2025-05-04 04:32:04.560712,affiliate_campaign,affiliate,30773,550,576.51,23,1594.36,control
2025-05-04 04:32:04.560712,video_campaign,video,42442,500,463.51,6,402.43,control
2025-05-05 04:32:04.560712,search_campaign,search,168440,4846,4900.18,135,13076.4,control
2025-05-05 04:32:04.560712,social_campaign,social,95416,1324,967.88,27,2143.79,control
2025-05-05 04:32:04.560712,display_campaign,display,57249,356,208.18,2,136.66,treatment
2025-05-05 04:32:04.560712,email_campaign,email,21017,2285,307.78,93,4804.98,treatment
2025-05-05 04:32:04.560712,affiliate_campaign,affiliate,21659,562,541.45,20,1469.94,control
2025-05-05 04:32:04.560712,video_campaign,video,34527,395,489.45,6,375.3,control
2025-05-06 04:32:04.560712,search_campaign,search,104888,3669,4636.36,92,9203.77,treatment
2025-05-06 04:32:04.560712,social_campaign,social,94640,1395,1308.44,11,711.89,control
2025-05-06 04:32:04.560712,display_campaign,display,64583,545,307.26,8,482.93,treatment
2025-05-06 04:32:04.560712,email_campaign,email,24711,1648,263.56,82,4045.03,treatment
2025-05-06 04:32:04.560712,affiliate_campaign,affiliate,21364,483,382.01,21,1542.14,control
2025-05-06 04:32:04.560712,video_campaign,video,39651,340,424.61,9,657.69,treatment
2025-05-07 04:32:04.560712,search_campaign,search,111810,4172,4731.68,75,6175.96,control
2025-05-07 04:32:04.560712,social_campaign,social,121744,2228,1991.55,43,2755.38,control
2025-05-07 04:32:04.560712,display_campaign,display,62846,544,289.29,2,135.59,control
2025-05-07 04:32:04.560712,email_campaign,email,14654,1877,267.23,99,6131.96,treatment
2025-05-07 04:32:04.560712,affiliate_campaign,affiliate,18991,346,252.97,11,805.84,control
2025-05-07 04:32:04.560712,video_campaign,video,32693,359,345.87,1,78.64,control
2025-05-08 04:32:04.560712,search_campaign,search,153940,6242,8243.43,152,12660.88,treatment
2025-05-08 04:32:04.560712,social_campaign,social,82488,1370,1214.46,24,1588.83,treatment
2025-05-08 04:32:04.560712,display_campaign,display,49625,468,270.33,3,191.48,control
2025-05-08 04:32:04.560712,email_campaign,email,19596,2679,387.03,108,5292.38,treatment
2025-05-08 04:32:04.560712,affiliate_campaign,affiliate,25139,462,478.61,8,619.46,control
2025-05-08 04:32:04.560712,video_campaign,video,43464,466,557.57,6,383.99,control
2025-05-09 04:32:04.560712,search_campaign,search,135807,5489,5951.29,195,16203.58,control
2025-05-09 04:32:04.560712,social_campaign,social,67304,1101,814.73,25,2091.74,control
2025-05-09 04:32:04.560712,display_campaign,display,75359,433,175.63,1,53.18,control
2025-05-09 04:32:04.560712,email_campaign,email,19797,2432,386.61,125,7078.46,treatment
2025-05-09 04:32:04.560712,affiliate_campaign,affiliate,25625,619,550.03,10,896.88,control
2025-05-09 04:32:04.560712,video_campaign,video,29830,394,515.43,12,861.38,treatment
2025-05-10 04:32:04.560712,search_campaign,search,121611,5379,6943.65,254,20122.66,treatment
2025-05-10 04:32:04.560712,social_campaign,social,100037,2300,2119.75,27,2144.61,treatment
2025-05-10 04:32:04.560712,display_campaign,display,57110,551,263.92,7,472.06,treatment
2025-05-10 04:32:04.560712,email_campaign,email,17610,2178,287.99,65,3723.67,treatment
2025-05-10 04:32:04.560712,affiliate_campaign,affiliate,26014,471,402.39,12,823.4,control
2025-05-10 04:32:04.560712,video_campaign,video,29714,357,393.94,9,686.6,control
2025-05-11 04:32:04.560712,search_campaign,search,114164,4146,4953.36,151,12801.65,control
2025-05-11 04:32:04.560712,social_campaign,social,88812,2368,2169.92,28,2130.72,treatment
2025-05-11 04:32:04.560712,display_campaign,display,51365,278,148.11,2,121.19,treatment
2025-05-11 04:32:04.560712,email_campaign,email,15787,1833,270.19,98,5268.7,treatment
2025-05-11 04:32:04.560712,affiliate_campaign,affiliate,29801,719,577.7,12,1045.76,treatment
2025-05-11 04:32:04.560712,video_campaign,video,41601,485,555.48,13,814.51,treatment
2025-05-12 04:32:04.560712,search_campaign,search,147987,4221,4341.85,172,13320.77,treatment
2025-05-12 04:32:04.560712,social_campaign,social,73370,1096,870.78,21,1587.55,control
2025-05-12 04:32:04.560712,display_campaign,display,51091,363,175.86,9,620.54,treatment
2025-05-12 04:32:04.560712,email_campaign,email,17758,2168,333.38,39,1943.84,treatment
2025-05-12 04:32:04.560712,affiliate_campaign,affiliate,33067,1027,862.43,10,889.79,control
2025-05-12 04:32:04.560712,video_campaign,video,45204,631,607.72,16,1279.69,control
2025-05-13 04:32:04.560712,search_campaign,search,81981,3366,4689.2,117,10656.61,control
2025-05-13 04:32:04.560712,social_campaign,social,90364,1596,1080.81,19,1321.58,control
2025-05-13 04:32:04.560712,display_campaign,display,69269,666,384.62,11,660.01,treatment
2025-05-13 04:32:04.560712,email_campaign,email,19229,2462,435.12,101,5706.58,treatment
2025-05-13 04:32:04.560712,affiliate_campaign,affiliate,26963,697,517.53,23,1606.16,treatment
2025-05-13 04:32:04.560712,video_campaign,video,41598,505,533.43,10,696.04,treatment
2025-05-14 04:32:04.560712,search_campaign,search,138535,4125,4890.81,187,17101.65,treatment
2025-05-14 04:32:04.560712,social_campaign,social,64410,1426,929.72,39,2949.59,control
2025-05-14 04:32:04.560712,display_campaign,display,56041,433,234.14,10,520.4,control
2025-05-14 04:32:04.560712,email_campaign,email,20554,2406,401.54,125,5909.36,treatment
2025-05-14 04:32:04.560712,affiliate_campaign,affiliate,29109,896,761.4,10,723.48,control
2025-05-14 04:32:04.560712,video_campaign,video,45724,591,729.61,6,414.26,control
2025-05-15 04:32:04.560712,search_campaign,search,119746,4429,4506.7,98,9142.33,control
2025-05-15 04:32:04.560712,social_campaign,social,82214,1486,1047.95,41,3145.55,control
2025-05-15 04:32:04.560712,display_campaign,display,52730,501,280.89,9,539.47,treatment
2025-05-15 04:32:04.560712,email_campaign,email,19370,2073,279.98,106,5592.35,control
2025-05-15 04:32:04.560712,affiliate_campaign,affiliate,25502,791,773.15,22,2010.89,treatment
2025-05-15 04:32:04.560712,video_campaign,video,29370,286,359.62,1,69.27,treatment
2025-05-16 04:32:04.560712,search_campaign,search,107221,2319,2486.96,96,9554.38,treatment
2025-05-16 04:32:04.560712,social_campaign,social,116663,1189,761.59,26,2229.93,treatment
2025-05-16 04:32:04.560712,display_campaign,display,61552,548,293.54,4,243.28,treatment
2025-05-16 04:32:04.560712,email_campaign,email,19682,2287,303.63,67,3561.28,treatment
2025-05-16 04:32:04.560712,affiliate_campaign,affiliate,27624,531,394.06,15,1212.05,treatment
2025-05-16 04:32:04.560712,video_campaign,video,42583,531,653.76,13,807.32,control
2025-05-17 04:32:04.560712,search_campaign,search,147181,4316,6212.23,108,8697.59,treatment
2025-05-17 04:32:04.560712,social_campaign,social,75901,964,849.39,20,1313.8,control
2025-05-17 04:32:04.560712,display_campaign,display,51605,359,181.75,7,461.51,treatment
2025-05-17 04:32:04.560712,email_campaign,email,16824,1825,243.78,63,3036.06,treatment
2025-05-17 04:32:04.560712,affiliate_campaign,affiliate,25656,942,988.1,26,2064.42,control
2025-05-17 04:32:04.560712,video_campaign,video,30421,378,434.1,6,440.09,control
2025-05-18 04:32:04.560712,search_campaign,search,100598,3491,4146.1,158,14238.55,control
2025-05-18 04:32:04.560712,social_campaign,social,93069,1179,880.14,39,2650.81,treatment
2025-05-18 04:32:04.560712,display_campaign,display,53042,605,343.54,6,333.37,control
2025-05-18 04:32:04.560712,email_campaign,email,18204,2491,377.74,106,6288.36,treatment
2025-05-18 04:32:04.560712,affiliate_campaign,affiliate,23877,426,361.85,17,1292.61,treatment
2025-05-18 04:32:04.560712,video_campaign,video,38351,376,446.77,4,307.01,control
2025-05-19 04:32:04.560712,search_campaign,search,102683,4350,4997.39,112,10086.52,treatment
2025-05-19 04:32:04.560712,social_campaign,social,78701,1071,685.52,19,1362.82,treatment
2025-05-19 04:32:04.560712,display_campaign,display,64058,262,110.77,0,0.0,treatment
2025-05-19 04:32:04.560712,email_campaign,email,22473,1911,285.19,68,4298.41,treatment
2025-05-19 04:32:04.560712,affiliate_campaign,affiliate,17385,540,537.85,23,1787.31,control
2025-05-19 04:32:04.560712,video_campaign,video,42479,496,633.71,10,760.42,treatment
2025-05-20 04:32:04.560712,search_campaign,search,93247,2989,3868.39,96,7860.67,control
2025-05-20 04:32:04.560712,social_campaign,social,97232,1529,1163.28,46,3329.26,control
2025-05-20 04:32:04.560712,display_campaign,display,55558,293,119.23,10,546.31,treatment
2025-05-20 04:32:04.560712,email_campaign,email,18366,2657,406.38,68,3190.87,control
2025-05-20 04:32:04.560712,affiliate_campaign,affiliate,23558,783,806.52,24,1758.87,control
2025-05-20 04:32:04.560712,video_campaign,video,36776,384,361.38,5,391.71,control
2025-05-21 04:32:04.560712,search_campaign,search,95539,3577,3824.04,152,15040.65,control
2025-05-21 04:32:04.560712,social_campaign,social,76268,2190,1797.47,42,3507.16,control
2025-05-21 04:32:04.560712,display_campaign,display,68759,627,367.98,6,311.27,control
2025-05-21 04:32:04.560712,email_campaign,email,13943,1597,217.67,59,3066.46,treatment
2025-05-21 04:32:04.560712,affiliate_campaign,affiliate,22161,498,392.77,9,810.85,treatment
2025-05-21 04:32:04.560712,video_campaign,video,40156,516,608.65,8,637.63,control
2025-05-22 04:32:04.560712,search_campaign,search,109526,3740,4551.15,77,7516.14,control
2025-05-22 04:32:04.560712,social_campaign,social,135087,2258,1749.15,36,2929.19,control
2025-05-22 04:32:04.560712,display_campaign,display,49761,411,172.85,5,261.33,treatment
2025-05-22 04:32:04.560712,email_campaign,email,19572,2764,352.72,106,6201.53,control
2025-05-22 04:32:04.560712,affiliate_campaign,affiliate,19999,293,242.17,6,468.33,treatment
2025-05-22 04:32:04.560712,video_campaign,video,35293,415,390.61,6,437.66,control
2025-05-23 04:32:04.560712,search_campaign,search,91655,2604,3625.41,132,11224.22,control
2025-05-23 04:32:04.560712,social_campaign,social,79893,1162,877.55,18,1484.36,treatment
2025-05-23 04:32:04.560712,display_campaign,display,71030,743,371.25,13,730.63,treatment
2025-05-23 04:32:04.560712,email_campaign,email,22778,2631,318.44,117,6103.74,control
2025-05-23 04:32:04.560712,affiliate_campaign,affiliate,23149,686,699.0,14,1129.58,control
2025-05-23 04:32:04.560712,video_campaign,video,44076,550,544.02,11,751.5,treatment
2025-05-24 04:32:04.560712,search_campaign,search,142694,4967,6090.33,195,16589.78,control
2025-05-24 04:32:04.560712,social_campaign,social,90546,1554,1013.38,41,3046.0,treatment
2025-05-24 04:32:04.560712,display_campaign,display,56096,513,284.1,3,192.45,treatment
2025-05-24 04:32:04.560712,email_campaign,email,20671,1798,231.53,85,4240.42,control
2025-05-24 04:32:04.560712,affiliate_campaign,affiliate,27167,440,355.88,9,802.59,control
2025-05-24 04:32:04.560712,video_campaign,video,37244,584,618.45,16,1111.43,treatment
2025-05-25 04:32:04.560712,search_campaign,search,108165,2362,3211.55,73,6111.08,treatment
2025-05-25 04:32:04.560712,social_campaign,social,88805,1734,1242.36,38,2548.55,treatment
2025-05-25 04:32:04.560712,display_campaign,display,42151,321,173.41,7,460.79,control
2025-05-25 04:32:04.560712,email_campaign,email,14150,1839,233.42,100,5844.71,control
2025-05-25 04:32:04.560712,affiliate_campaign,affiliate,24639,608,587.22,23,2021.74,treatment
2025-05-25 04:32:04.560712,video_campaign,video,39643,515,595.94,9,598.23,control
2025-05-26 04:32:04.560712,search_campaign,search,146522,6428,9056.98,264,24298.36,treatment
2025-05-26 04:32:04.560712,social_campaign,social,101810,1914,1381.24,34,2177.31,control
2025-05-26 04:32:04.560712,display_campaign,display,74375,330,141.63,4,259.52,treatment
2025-05-26 04:32:04.560712,email_campaign,email,19489,2231,281.5,88,5006.5,treatment
2025-05-26 04:32:04.560712,affiliate_campaign,affiliate,25083,624,668.98,26,2206.36,treatment
2025-05-26 04:32:04.560712,video_campaign,video,36627,428,540.03,6,482.98,control
2025-05-27 04:32:04.560712,search_campaign,search,85551,2612,3059.87,85,7460.1,treatment
2025-05-27 04:32:04.560712,social_campaign,social,71397,1647,1317.61,35,2418.5,treatment
2025-05-27 04:32:04.560712,display_campaign,display,55418,331,157.85,2,118.05,treatment
2025-05-27 04:32:04.560712,email_campaign,email,24937,3516,601.73,257,12465.14,treatment
2025-05-27 04:32:04.560712,affiliate_campaign,affiliate,22633,474,509.55,26,1845.22,treatment
2025-05-27 04:32:04.560712,video_campaign,video,55308,720,780.43,16,1278.91,control
2025-05-28 04:32:04.560712,search_campaign,search,129429,4850,4835.27,130,10652.85,treatment
2025-05-28 04:32:04.560712,social_campaign,social,80888,2152,1573.13,44,3308.74,control
2025-05-28 04:32:04.560712,display_campaign,display,71788,506,270.11,4,248.56,treatment
2025-05-28 04:32:04.560712,email_campaign,email,17756,1542,268.81,50,3126.37,control
2025-05-28 04:32:04.560712,affiliate_campaign,affiliate,22127,483,492.2,11,857.73,treatment
2025-05-28 04:32:04.560712,video_campaign,video,45298,430,449.51,6,392.67,treatment
2025-05-29 04:32:04.560712,search_campaign,search,87193,4086,5513.25,238,23454.31,treatment
2025-05-29 04:32:04.560712,social_campaign,social,92703,2091,1714.21,30,2036.46,treatment
2025-05-29 04:32:04.560712,display_campaign,display,59995,435,178.89,3,195.0,treatment
2025-05-29 04:32:04.560712,email_campaign,email,26615,4238,530.17,160,9099.36,control
2025-05-29 04:32:04.560712,affiliate_campaign,affiliate,24508,656,637.97,31,2539.43,treatment
2025-05-29 04:32:04.560712,video_campaign,video,37839,578,643.79,14,891.52,treatment
2025-05-30 04:32:04.560712,search_campaign,search,115146,3507,4593.5,152,12696.48,control
2025-05-30 04:32:04.560712,social_campaign,social,84968,1413,1204.63,16,1021.13,treatment
2025-05-30 04:32:04.560712,display_campaign,display,74375,391,209.71,7,414.57,control
2025-05-30 04:32:04.560712,email_campaign,email,29030,3512,631.85,126,6930.95,control
2025-05-30 04:32:04.560712,affiliate_campaign,affiliate,23522,618,536.25,21,1563.7,treatment
2025-05-30 04:32:04.560712,video_campaign,video,32951,495,546.39,13,1030.94,treatment
2025-05-31 04:32:04.560712,search_campaign,search,141599,4979,5271.52,185,15663.77,control
2025-05-31 04:32:04.560712,social_campaign,social,75994,1460,1265.81,27,1821.64,control
2025-05-31 04:32:04.560712,display_campaign,display,45702,375,178.37,11,722.13,treatment
2025-05-31 04:32:04.560712,email_campaign,email,21006,2986,425.63,151,7614.83,control
2025-05-31 04:32:04.560712,affiliate_campaign,affiliate,20643,440,470.21,14,1075.08,control
2025-05-31 04:32:04.560712,video_campaign,video,33593,465,579.27,4,280.63,control
2025-06-01 04:32:04.560712,search_campaign,search,88906,3842,4971.84,131,11801.04,treatment
2025-06-01 04:32:04.560712,social_campaign,social,81288,1256,846.38,19,1501.4,control
2025-06-01 04:32:04.560712,display_campaign,display,50781,444,257.96,5,324.03,control
2025-06-01 04:32:04.560712,email_campaign,email,10777,1440,221.13,87,5325.96,treatment
2025-06-01 04:32:04.560712,affiliate_campaign,affiliate,28441,865,803.71,23,1884.49,control
2025-06-01 04:32:04.560712,video_campaign,video,27599,310,388.56,9,653.54,control
2025-06-02 04:32:04.560712,search_campaign,search,136842,4826,4923.61,126,12265.99,control
2025-06-02 04:32:04.560712,social_campaign,social,107206,2036,1308.25,41,3375.28,control
2025-06-02 04:32:04.560712,display_campaign,display,59799,609,335.26,4,264.02,treatment
2025-06-02 04:32:04.560712,email_campaign,email,21597,1801,271.13,135,7694.34,treatment
2025-06-02 04:32:04.560712,affiliate_campaign,affiliate,27386,636,672.62,19,1729.63,control
2025-06-02 04:32:04.560712,video_campaign,video,33236,347,377.18,5,372.55,control
2025-06-03 04:32:04.560712,search_campaign,search,120600,4176,4998.24,174,15290.9,control
2025-06-03 04:32:04.560712,social_campaign,social,86364,1152,740.3,22,1580.02,control
2025-06-03 04:32:04.560712,display_campaign,display,64421,558,237.83,7,408.08,treatment
2025-06-03 04:32:04.560712,email_campaign,email,19717,1915,307.17,96,4515.82,treatment
2025-06-03 04:32:04.560712,affiliate_campaign,affiliate,24329,626,491.61,23,1928.91,control
2025-06-03 04:32:04.560712,video_campaign,video,41903,520,485.48,11,863.48,treatment
2025-06-04 04:32:04.560712,search_campaign,search,94848,3411,4026.77,141,12347.38,control
2025-06-04 04:32:04.560712,social_campaign,social,99638,2086,1670.54,54,3928.11,treatment
2025-06-04 04:32:04.560712,display_campaign,display,49675,406,219.43,2,134.18,treatment
2025-06-04 04:32:04.560712,email_campaign,email,23281,2570,371.69,108,5088.03,treatment
2025-06-04 04:32:04.560712,affiliate_campaign,affiliate,27193,596,463.52,30,2267.93,control
2025-06-04 04:32:04.560712,video_campaign,video,36043,460,419.21,7,495.71,treatment
2025-06-05 04:32:04.560712,search_campaign,search,128155,5418,5630.73,252,22991.86,treatment
2025-06-05 04:32:04.560712,social_campaign,social,81647,1457,953.3,44,3271.53,control
2025-06-05 04:32:04.560712,display_campaign,display,49178,411,230.13,6,355.65,treatment
2025-06-05 04:32:04.560712,email_campaign,email,20834,2094,365.64,45,2343.46,treatment
2025-06-05 04:32:04.560712,affiliate_campaign,affiliate,24647,410,402.11,15,1037.05,treatment
2025-06-05 04:32:04.560712,video_campaign,video,44148,316,334.74,7,495.57,treatment
2025-06-06 04:32:04.560712,search_campaign,search,127278,5708,6934.67,197,17312.45,control
2025-06-06 04:32:04.560712,social_campaign,social,125113,2005,1734.41,56,3942.14,control
2025-06-06 04:32:04.560712,display_campaign,display,65927,541,319.22,10,512.1,treatment
2025-06-06 04:32:04.560712,email_campaign,email,19844,2928,405.46,148,7904.62,treatment
2025-06-06 04:32:04.560712,affiliate_campaign,affiliate,22324,498,441.32,17,1156.63,treatment
2025-06-06 04:32:04.560712,video_campaign,video,50407,761,953.95,8,549.58,control
2025-06-07 04:32:04.560712,search_campaign,search,132077,4163,5162.45,105,8782.51,treatment
2025-06-07 04:32:04.560712,social_campaign,social,80331,1831,1254.3,50,4115.53,treatment
2025-06-07 04:32:04.560712,display_campaign,display,57787,598,261.04,9,526.55,control
2025-06-07 04:32:04.560712,email_campaign,email,22319,2288,280.13,130,7030.59,control
2025-06-07 04:32:04.560712,affiliate_campaign,affiliate,24223,723,746.61,10,826.68,treatment
2025-06-07 04:32:04.560712,video_campaign,video,45390,612,662.77,10,660.89,treatment
2025-06-08 04:32:04.560712,search_campaign,search,148923,5344,5206.98,211,21190.71,treatment
2025-06-08 04:32:04.560712,social_campaign,social,104034,1552,1418.62,31,2293.71,treatment
2025-06-08 04:32:04.560712,display_campaign,display,48952,323,156.29,3,184.27,treatment
2025-06-08 04:32:04.560712,email_campaign,email,17662,1755,259.93,79,4530.92,treatment
2025-06-08 04:32:04.560712,affiliate_campaign,affiliate,28676,863,637.65,36,2817.83,control
2025-06-08 04:32:04.560712,video_campaign,video,36991,473,506.04,6,449.04,treatment
2025-06-09 04:32:04.560712,search_campaign,search,129597,3156,3851.18,121,10919.89,control
2025-06-09 04:32:04.560712,social_campaign,social,102893,1923,1564.74,39,3278.81,treatment
2025-06-09 04:32:04.560712,display_campaign,display,67674,519,220.23,8,519.81,treatment
2025-06-09 04:32:04.560712,email_campaign,email,19800,2235,325.12,85,4603.61,control
2025-06-09 04:32:04.560712,affiliate_campaign,affiliate,20417,444,419.33,18,1354.79,treatment
2025-06-09 04:32:04.560712,video_campaign,video,36637,465,415.54,14,936.0,treatment
2025-06-10 04:32:04.560712,search_campaign,search,98476,3884,5440.19,127,10580.45,control
2025-06-10 04:32:04.560712,social_campaign,social,79191,1314,967.15,17,1344.09,control
2025-06-10 04:32:04.560712,display_campaign,display,53602,511,305.6,5,293.12,treatment
2025-06-10 04:32:04.560712,email_campaign,email,18590,2333,373.81,80,4651.35,control
2025-06-10 04:32:04.560712,affiliate_campaign,affiliate,30574,468,415.29,13,1192.73,treatment
2025-06-10 04:32:04.560712,video_campaign,video,31847,460,565.25,4,274.44,control
2025-06-11 04:32:04.560712,search_campaign,search,107856,4517,5384.99,155,13310.51,treatment
2025-06-11 04:32:04.560712,social_campaign,social,94396,2125,1361.08,20,1548.98,treatment
2025-06-11 04:32:04.560712,display_campaign,display,42563,275,147.92,5,322.73,control
2025-06-11 04:32:04.560712,email_campaign,email,22157,3434,469.16,100,4957.1,treatment
2025-06-11 04:32:04.560712,affiliate_campaign,affiliate,28834,539,569.14,5,396.72,treatment
2025-06-11 04:32:04.560712,video_campaign,video,32943,472,610.49,5,380.82,treatment
2025-06-12 04:32:04.560712,search_campaign,search,132009,4613,5767.48,154,12069.82,treatment
2025-06-12 04:32:04.560712,social_campaign,social,96150,1185,914.32,26,1972.72,control
2025-06-12 04:32:04.560712,display_campaign,display,62815,587,282.56,2,112.51,treatment
2025-06-12 04:32:04.560712,email_campaign,email,18783,2109,322.75,95,5585.47,control
2025-06-12 04:32:04.560712,affiliate_campaign,affiliate,25570,594,569.28,22,1780.41,treatment
2025-06-12 04:32:04.560712,video_campaign,video,45417,564,680.33,12,726.61,treatment
2025-06-13 04:32:04.560712,search_campaign,search,107066,4099,5371.64,147,14324.76,control
2025-06-13 04:32:04.560712,social_campaign,social,103769,2005,1905.61,30,2325.03,treatment
2025-06-13 04:32:04.560712,display_campaign,display,56434,361,145.53,5,320.71,treatment
2025-06-13 04:32:04.560712,email_campaign,email,20248,2811,357.91,222,12595.15,control
2025-06-13 04:32:04.560712,affiliate_campaign,affiliate,25460,711,593.84,15,1377.42,treatment
2025-06-13 04:32:04.560712,video_campaign,video,38820,266,247.01,2,121.35,control
2025-06-14 04:32:04.560712,search_campaign,search,140802,5232,5607.82,218,17210.15,control
2025-06-14 04:32:04.560712,social_campaign,social,82032,1429,1251.55,58,3778.48,treatment
2025-06-14 04:32:04.560712,display_campaign,display,45605,405,177.48,4,249.59,treatment
2025-06-14 04:32:04.560712,email_campaign,email,12452,838,127.15,40,1946.41,control
2025-06-14 04:32:04.560712,affiliate_campaign,affiliate,24746,862,864.88,21,1684.47,control
2025-06-14 04:32:04.560712,video_campaign,video,42964,861,854.02,16,1189.28,control
2025-06-15 04:32:04.560712,search_campaign,search,152850,7792,10448.61,236,18228.21,treatment
2025-06-15 04:32:04.560712,social_campaign,social,107582,1725,1443.4,30,1988.19,treatment
2025-06-15 04:32:04.560712,display_campaign,display,56191,423,186.57,5,287.39,control
2025-06-15 04:32:04.560712,email_campaign,email,22742,2686,408.52,73,3929.7,treatment
2025-06-15 04:32:04.560712,affiliate_campaign,affiliate,25181,419,420.62,15,1093.45,control
2025-06-15 04:32:04.560712,video_campaign,video,38137,424,522.12,6,452.39,treatment
2025-06-16 04:32:04.560712,search_campaign,search,132325,4570,6416.01,140,14365.93,control
2025-06-16 04:32:04.560712,social_campaign,social,89329,2203,1828.95,48,3329.63,treatment
2025-06-16 04:32:04.560712,display_campaign,display,59393,349,187.47,4,230.03,treatment
2025-06-16 04:32:04.560712,email_campaign,email,17341,1283,162.25,85,5116.19,treatment
2025-06-16 04:32:04.560712,affiliate_campaign,affiliate,28140,928,802.11,30,2754.72,treatment
2025-06-16 04:32:04.560712,video_campaign,video,36719,461,585.14,8,564.14,treatment
2025-06-17 04:32:04.560712,search_campaign,search,140992,6769,8862.12,231,22689.33,control
2025-06-17 04:32:04.560712,social_campaign,social,92706,1673,1142.42,19,1459.0,control
2025-06-17 04:32:04.560712,display_campaign,display,64273,552,277.24,5,336.16,treatment
2025-06-17 04:32:04.560712,email_campaign,email,21101,2430,392.85,104,5131.29,control
2025-06-17 04:32:04.560712,affiliate_campaign,affiliate,27348,707,721.39,12,1077.42,control
2025-06-17 04:32:04.560712,video_campaign,video,42969,388,411.94,9,667.46,control
2025-06-18 04:32:04.560712,search_campaign,search,119629,4572,5998.54,135,13442.0,control
2025-06-18 04:32:04.560712,social_campaign,social,103035,2974,2477.46,42,3204.94,control
2025-06-18 04:32:04.560712,display_campaign,display,57657,511,299.11,6,325.11,treatment
2025-06-18 04:32:04.560712,email_campaign,email,19153,1757,314.81,95,5174.09,control
2025-06-18 04:32:04.560712,affiliate_campaign,affiliate,39234,965,715.48,38,2659.25,control
2025-06-18 04:32:04.560712,video_campaign,video,42885,546,665.41,11,779.1,control
2025-06-19 04:32:04.560712,search_campaign,search,106378,4947,5724.88,232,19362.42,control
2025-06-19 04:32:04.560712,social_campaign,social,89298,1490,1067.38,42,3462.71,treatment
2025-06-19 04:32:04.560712,display_campaign,display,59991,399,233.9,5,297.0,treatment
2025-06-19 04:32:04.560712,email_campaign,email,21035,2642,404.82,94,5126.75,treatment
2025-06-19 04:32:04.560712,affiliate_campaign,affiliate,23950,638,514.5,19,1705.03,control
2025-06-19 04:32:04.560712,video_campaign,video,34599,444,525.61,12,762.18,control
2025-06-20 04:32:04.560712,search_campaign,search,127169,3427,3579.82,89,8049.0,control
2025-06-20 04:32:04.560712,social_campaign,social,89000,1855,1464.43,29,2413.42,control
2025-06-20 04:32:04.560712,display_campaign,display,62920,658,341.92,4,242.32,treatment
2025-06-20 04:32:04.560712,email_campaign,email,17631,2362,409.62,71,3366.08,treatment
2025-06-20 04:32:04.560712,affiliate_campaign,affiliate,29831,817,624.19,25,1952.04,treatment
2025-06-20 04:32:04.560712,video_campaign,video,44765,606,724.73,10,774.53,control
2025-06-21 04:32:04.560712,search_campaign,search,110615,2111,2538.77,23,2012.04,treatment
2025-06-21 04:32:04.560712,social_campaign,social,90231,1229,906.11,35,2395.18,treatment
2025-06-21 04:32:04.560712,display_campaign,display,47469,361,183.41,6,329.6,control
2025-06-21 04:32:04.560712,email_campaign,email,23690,3753,490.07,235,12563.98,treatment
2025-06-21 04:32:04.560712,affiliate_campaign,affiliate,26760,592,635.28,24,1656.96,treatment
2025-06-21 04:32:04.560712,video_campaign,video,28892,348,440.25,3,184.67,treatment
2025-06-22 04:32:04.560712,search_campaign,search,118348,4270,4752.65,98,9284.6,control
2025-06-22 04:32:04.560712,social_campaign,social,75062,998,653.8,26,2062.64,control
2025-06-22 04:32:04.560712,display_campaign,display,65417,597,305.16,6,356.7,control
2025-06-22 04:32:04.560712,email_campaign,email,16595,1533,195.22,72,3813.5,treatment
2025-06-22 04:32:04.560712,affiliate_campaign,affiliate,19804,619,521.43,14,990.26,control
2025-06-22 04:32:04.560712,video_campaign,video,40298,467,551.23,17,1162.46,treatment
2025-06-23 04:32:04.560712,search_campaign,search,117769,4111,5204.49,172,17001.69,control
2025-06-23 04:32:04.560712,social_campaign,social,97088,1482,1189.4,25,1820.75,control
2025-06-23 04:32:04.560712,display_campaign,display,43257,378,214.4,2,102.08,control
2025-06-23 04:32:04.560712,email_campaign,email,12491,1588,235.24,79,4113.13,treatment
2025-06-23 04:32:04.560712,affiliate_campaign,affiliate,28122,600,487.07,27,2109.61,treatment
2025-06-23 04:32:04.560712,video_campaign,video,32396,461,540.1,8,483.83,control
2025-06-24 04:32:04.560712,search_campaign,search,136417,4022,4113.64,142,12286.78,treatment
2025-06-24 04:32:04.560712,social_campaign,social,103504,1841,1420.87,15,1234.76,control
2025-06-24 04:32:04.560712,display_campaign,display,70094,462,239.67,3,172.48,treatment
2025-06-24 04:32:04.560712,email_campaign,email,21734,2943,357.98,77,4823.15,control
2025-06-24 04:32:04.560712,affiliate_campaign,affiliate,20398,497,494.86,16,1291.23,treatment
2025-06-24 04:32:04.560712,video_campaign,video,37874,369,446.87,9,603.79,treatment
2025-06-25 04:32:04.560712,search_campaign,search,121184,4549,5496.85,184,18041.43,control
2025-06-25 04:32:04.560712,social_campaign,social,99547,1426,946.7,28,2363.48,control
2025-06-25 04:32:04.560712,display_campaign,display,61161,630,322.38,12,726.99,control
2025-06-25 04:32:04.560712,email_campaign,email,19877,3146,531.03,124,6284.2,control
2025-06-25 04:32:04.560712,affiliate_campaign,affiliate,23207,344,256.29,9,802.99,control
2025-06-25 04:32:04.560712,video_campaign,video,46907,428,558.24,12,803.56,control
2025-06-26 04:32:04.560712,search_campaign,search,110921,4129,4983.07,132,12498.91,treatment
2025-06-26 04:32:04.560712,social_campaign,social,90482,1651,1115.26,31,2117.46,treatment
2025-06-26 04:32:04.560712,display_campaign,display,70349,634,344.88,12,826.33,control
2025-06-26 04:32:04.560712,email_campaign,email,18411,2356,315.11,70,4222.68,treatment
2025-06-26 04:32:04.560712,affiliate_campaign,affiliate,22898,492,447.84,9,651.69,treatment
2025-06-26 04:32:04.560712,video_campaign,video,40850,382,469.74,6,478.82,control
2025-06-27 04:32:04.560712,search_campaign,search,117700,3072,3623.84,97,8650.01,control
2025-06-27 04:32:04.560712,social_campaign,social,101227,1838,1762.59,55,3616.7,control
2025-06-27 04:32:04.560712,display_campaign,display,53114,397,213.97,15,869.05,treatment
2025-06-27 04:32:04.560712,email_campaign,email,23092,2346,350.62,119,7516.88,control
2025-06-27 04:32:04.560712,affiliate_campaign,affiliate,28604,592,457.33,14,1012.01,treatment
2025-06-27 04:32:04.560712,video_campaign,video,40600,536,647.96,9,559.08,control
2025-06-28 04:32:04.560712,search_campaign,search,76073,2277,3138.93,114,10781.64,treatment
2025-06-28 04:32:04.560712,social_campaign,social,65885,1214,806.01,24,1631.34,treatment
2025-06-28 04:32:04.560712,display_campaign,display,51763,543,221.02,2,122.74,control
2025-06-28 04:32:04.560712,email_campaign,email,16749,2294,378.02,85,4624.71,control
2025-06-28 04:32:04.560712,affiliate_campaign,affiliate,25514,554,500.68,4,315.02,control
2025-06-28 04:32:04.560712,video_campaign,video,48164,544,652.82,10,689.77,treatment
2025-06-29 04:32:04.560712,search_campaign,search,109444,3641,3858.42,124,10914.87,treatment
2025-06-29 04:32:04.560712,social_campaign,social,80797,1940,1749.39,51,3470.54,control
2025-06-29 04:32:04.560712,display_campaign,display,51372,412,215.73,3,168.91,treatment
2025-06-29 04:32:04.560712,email_campaign,email,16345,1482,213.89,73,4134.88,treatment
2025-06-29 04:32:04.560712,affiliate_campaign,affiliate,26927,777,741.57,22,1637.91,treatment
2025-06-29 04:32:04.560712,video_campaign,video,28297,421,417.88,15,1193.91,control
2025-06-30 04:32:04.560712,search_campaign,search,97339,3441,4793.81,161,16571.54,control
2025-06-30 04:32:04.560712,social_campaign,social,90304,1646,1460.1,26,1824.64,control
2025-06-30 04:32:04.560712,display_campaign,display,66545,585,286.61,9,553.23,control
2025-06-30 04:32:04.560712,email_campaign,email,18085,1642,207.82,43,2347.98,control
2025-06-30 04:32:04.560712,affiliate_campaign,affiliate,31078,863,752.3,32,2635.8,treatment
2025-06-30 04:32:04.560712,video_campaign,video,40581,516,661.76,10,671.99,treatment
2025-07-01 04:32:04.560712,search_campaign,search,98819,4274,6018.34,116,11138.97,treatment
2025-07-01 04:32:04.560712,social_campaign,social,86474,1628,1211.65,27,1935.22,control
2025-07-01 04:32:04.560712,display_campaign,display,52527,295,131.97,0,0.0,control
2025-07-01 04:32:04.560712,email_campaign,email,22983,2467,303.16,153,8016.1,treatment
2025-07-01 04:32:04.560712,affiliate_campaign,affiliate,27030,737,773.29,14,1019.41,treatment
2025-07-01 04:32:04.560712,video_campaign,video,42433,429,534.64,6,406.57,control
2025-07-02 04:32:04.560712,search_campaign,search,136621,5018,5294.79,102,8685.44,control
2025-07-02 04:32:04.560712,social_campaign,social,105560,2216,2119.84,25,1650.19,control
2025-07-02 04:32:04.560712,display_campaign,display,61015,490,245.91,1,68.08,treatment
2025-07-02 04:32:04.560712,email_campaign,email,20301,3079,509.12,92,4803.73,treatment
2025-07-02 04:32:04.560712,affiliate_campaign,affiliate,23580,538,389.67,20,1628.33,treatment
2025-07-02 04:32:04.560712,video_campaign,video,36954,315,300.89,2,120.07,treatment
2025-07-03 04:32:04.560712,search_campaign,search,112993,4730,5443.31,202,20151.52,control
2025-07-03 04:32:04.560712,social_campaign,social,99226,1998,1403.15,41,3252.54,control
2025-07-03 04:32:04.560712,display_campaign,display,72432,646,317.83,6,413.37,treatment
2025-07-03 04:32:04.560712,email_campaign,email,16727,2491,423.34,120,7020.25,treatment
2025-07-03 04:32:04.560712,affiliate_campaign,affiliate,22336,536,457.56,12,879.25,control
2025-07-03 04:32:04.560712,video_campaign,video,35858,406,468.49,5,343.44,control
2025-07-04 04:32:04.560712,search_campaign,search,113387,3850,3881.51,159,12502.92,control
2025-07-04 04:32:04.560712,social_campaign,social,110902,1345,1186.69,27,2140.97,treatment
2025-07-04 04:32:04.560712,display_campaign,display,65813,580,339.84,2,117.35,control
2025-07-04 04:32:04.560712,email_campaign,email,14953,2708,479.31,170,8019.92,treatment
2025-07-04 04:32:04.560712,affiliate_campaign,affiliate,30168,906,658.19,34,2580.0,treatment
2025-07-04 04:32:04.560712,video_campaign,video,45165,544,556.81,10,626.75,treatment
2025-07-05 04:32:04.560712,search_campaign,search,121889,5816,7232.59,280,26466.14,control
2025-07-05 04:32:04.560712,social_campaign,social,72814,1158,759.31,26,1772.71,treatment
2025-07-05 04:32:04.560712,display_campaign,display,69034,486,210.76,3,182.35,treatment
2025-07-05 04:32:04.560712,email_campaign,email,19478,2357,342.91,173,8194.34,control
2025-07-05 04:32:04.560712,affiliate_campaign,affiliate,25326,587,607.08,12,925.63,control
2025-07-05 04:32:04.560712,video_campaign,video,36147,487,539.3,10,693.95,control
2025-07-06 04:32:04.560712,search_campaign,search,118783,4587,4782.9,117,9562.79,control
2025-07-06 04:32:04.560712,social_campaign,social,82034,977,864.84,20,1405.5,treatment
2025-07-06 04:32:04.560712,display_campaign,display,59033,475,231.79,2,124.25,control
2025-07-06 04:32:04.560712,email_campaign,email,18261,2974,477.84,177,9046.88,treatment
2025-07-06 04:32:04.560712,affiliate_campaign,affiliate,28705,562,445.58,25,2134.96,control
2025-07-06 04:32:04.560712,video_campaign,video,40402,516,609.21,12,790.92,control
2025-07-07 04:32:04.560712,search_campaign,search,97831,2482,3106.65,78,7393.23,control
2025-07-07 04:32:04.560712,social_campaign,social,94942,1519,1307.76,23,1935.3,control
2025-07-07 04:32:04.560712,display_campaign,display,63528,608,256.32,14,956.09,control
2025-07-07 04:32:04.560712,email_campaign,email,19660,2364,354.28,153,9108.87,control
2025-07-07 04:32:04.560712,affiliate_campaign,affiliate,22152,611,572.54,13,1009.66,control
2025-07-07 04:32:04.560712,video_campaign,video,45005,574,665.66,13,945.47,treatment
2025-07-08 04:32:04.560712,search_campaign,search,126013,4336,5363.54,148,11488.98,control
2025-07-08 04:32:04.560712,social_campaign,social,93124,1644,1188.92,11,875.82,treatment
2025-07-08 04:32:04.560712,display_campaign,display,61671,507,245.48,0,0.0,control
2025-07-08 04:32:04.560712,email_campaign,email,22675,1974,341.32,70,3868.86,control
2025-07-08 04:32:04.560712,affiliate_campaign,affiliate,27521,706,602.04,18,1648.49,treatment
2025-07-08 04:32:04.560712,video_campaign,video,39570,461,556.07,10,645.16,treatment
2025-07-09 04:32:04.560712,search_campaign,search,98553,3713,4087.49,151,12532.05,control
2025-07-09 04:32:04.560712,social_campaign,social,73566,1010,697.78,28,1887.68,control
2025-07-09 04:32:04.560712,display_campaign,display,52805,307,136.21,6,387.09,control
2025-07-09 04:32:04.560712,email_campaign,email,19493,2690,324.64,101,6027.45,control
2025-07-09 04:32:04.560712,affiliate_campaign,affiliate,22127,735,608.36,29,2469.59,control
2025-07-09 04:32:04.560712,video_campaign,video,37738,383,470.64,10,742.99,treatment
2025-07-10 04:32:04.560712,search_campaign,search,116137,3251,3964.93,99,9770.66,control
2025-07-10 04:32:04.560712,social_campaign,social,56009,1082,858.78,20,1326.52,treatment
2025-07-10 04:32:04.560712,display_campaign,display,48674,409,233.13,10,535.35,treatment
2025-07-10 04:32:04.560712,email_campaign,email,18224,2291,323.88,93,5555.22,treatment
2025-07-10 04:32:04.560712,affiliate_campaign,affiliate,26697,842,665.74,23,1720.92,control
2025-07-10 04:32:04.560712,video_campaign,video,35274,557,629.58,3,226.05,control
2025-07-11 04:32:04.560712,search_campaign,search,145997,5265,7016.65,181,17712.4,treatment
2025-07-11 04:32:04.560712,social_campaign,social,113649,2188,1949.55,43,3067.0,control
2025-07-11 04:32:04.560712,display_campaign,display,51412,317,152.45,1,65.03,control
2025-07-11 04:32:04.560712,email_campaign,email,20071,2597,332.3,98,5821.94,control
2025-07-11 04:32:04.560712,affiliate_campaign,affiliate,26897,812,713.92,16,1221.67,treatment
2025-07-11 04:32:04.560712,video_campaign,video,44195,491,580.88,5,342.36,treatment
2025-07-12 04:32:04.560712,search_campaign,search,97508,4272,5725.43,137,13707.72,treatment
2025-07-12 04:32:04.560712,social_campaign,social,79412,1373,1092.43,9,772.49,control
2025-07-12 04:32:04.560712,display_campaign,display,76582,606,275.4,7,424.77,control
2025-07-12 04:32:04.560712,email_campaign,email,20422,1862,314.5,108,5697.2,control
2025-07-12 04:32:04.560712,affiliate_campaign,affiliate,32987,1248,1073.16,47,4293.92,control
2025-07-12 04:32:04.560712,video_campaign,video,40966,404,429.94,5,366.43,treatment
2025-07-13 04:32:04.560712,search_campaign,search,150615,5099,5244.61,191,17625.31,treatment
2025-07-13 04:32:04.560712,social_campaign,social,95366,2065,1442.75,31,2067.41,treatment
2025-07-13 04:32:04.560712,display_campaign,display,56216,507,277.1,2,103.31,control
2025-07-13 04:32:04.560712,email_campaign,email,24222,4276,749.31,282,16999.1,control
2025-07-13 04:32:04.560712,affiliate_campaign,affiliate,21518,388,303.12,9,797.66,control
2025-07-13 04:32:04.560712,video_campaign,video,37305,439,461.95,5,358.76,control
2025-07-14 04:32:04.560712,search_campaign,search,107903,3074,4107.18,141,14300.33,treatment
2025-07-14 04:32:04.560712,social_campaign,social,72649,908,753.15,7,522.08,control
2025-07-14 04:32:04.560712,display_campaign,display,65715,551,233.28,10,543.79,treatment
2025-07-14 04:32:04.560712,email_campaign,email,18673,1893,324.99,90,4239.6,treatment
2025-07-14 04:32:04.560712,affiliate_campaign,affiliate,19475,490,498.08,14,1068.05,control
2025-07-14 04:32:04.560712,video_campaign,video,47403,550,705.2,10,774.45,treatment
2025-07-15 04:32:04.560712,search_campaign,search,141393,4383,5508.43,179,16019.01,control
2025-07-15 04:32:04.560712,social_campaign,social,70213,1211,959.4,21,1704.65,treatment
2025-07-15 04:32:04.560712,display_campaign,display,78772,619,298.59,12,683.31,treatment
2025-07-15 04:32:04.560712,email_campaign,email,20313,2024,260.74,69,3884.84,treatment
2025-07-15 04:32:04.560712,affiliate_campaign,affiliate,32011,429,385.74,13,1091.48,control
2025-07-15 04:32:04.560712,video_campaign,video,41579,374,424.22,10,598.47,control
2025-07-16 04:32:04.560712,search_campaign,search,99389,3712,5133.45,116,10043.67,control
2025-07-16 04:32:04.560712,social_campaign,social,107936,1815,1436.88,35,2944.64,treatment
2025-07-16 04:32:04.560712,display_campaign,display,69050,600,299.4,7,398.48,control
2025-07-16 04:32:04.560712,email_campaign,email,17709,1926,278.16,69,4054.64,treatment
2025-07-16 04:32:04.560712,affiliate_campaign,affiliate,27545,612,613.19,16,1159.35,treatment
2025-07-16 04:32:04.560712,video_campaign,video,37525,491,473.22,9,662.91,treatment
2025-07-17 04:32:04.560712,search_campaign,search,138061,4777,4686.94,225,23172.48,treatment
2025-07-17 04:32:04.560712,social_campaign,social,120399,1865,1582.19,25,1936.4,control
2025-07-17 04:32:04.560712,display_campaign,display,76532,614,259.08,16,1078.36,control
2025-07-17 04:32:04.560712,email_campaign,email,15361,1700,228.59,83,4737.71,control
2025-07-17 04:32:04.560712,affiliate_campaign,affiliate,24957,625,578.31,18,1331.53,control
2025-07-17 04:32:04.560712,video_campaign,video,41878,272,316.61,3,179.06,control
2025-07-18 04:32:04.560712,search_campaign,search,105706,2043,2279.32,90,9283.13,control
2025-07-18 04:32:04.560712,social_campaign,social,81408,1316,1189.17,14,1120.14,control
2025-07-18 04:32:04.560712,display_campaign,display,60264,500,232.95,3,158.79,treatment
2025-07-18 04:32:04.560712,email_campaign,email,20855,2575,345.11,123,6084.15,treatment
2025-07-18 04:32:04.560712,affiliate_campaign,affiliate,17741,640,552.02,17,1420.83,treatment
2025-07-18 04:32:04.560712,video_campaign,video,37741,436,514.56,3,201.59,treatment
2025-07-19 04:32:04.560712,search_campaign,search,102397,4435,5138.89,91,8168.32,control
2025-07-19 04:32:04.560712,social_campaign,social,90434,1529,1104.65,32,2160.86,control
2025-07-19 04:32:04.560712,display_campaign,display,66036,504,230.03,9,542.42,control
2025-07-19 04:32:04.560712,email_campaign,email,20649,2491,300.47,106,6608.09,control
2025-07-19 04:32:04.560712,affiliate_campaign,affiliate,19847,577,528.21,11,858.28,control
2025-07-19 04:32:04.560712,video_campaign,video,38165,510,644.11,5,352.23,treatment
2025-07-20 04:32:04.560712,search_campaign,search,106552,4801,5529.06,183,15402.49,treatment
2025-07-20 04:32:04.560712,social_campaign,social,92761,1525,1125.55,13,876.68,treatment
2025-07-20 04:32:04.560712,display_campaign,display,53207,216,124.96,5,278.83,control
2025-07-20 04:32:04.560712,email_campaign,email,20260,2762,388.79,166,9562.5,treatment
2025-07-20 04:32:04.560712,affiliate_campaign,affiliate,21531,502,383.48,9,730.94,treatment
2025-07-20 04:32:04.560712,video_campaign,video,51532,811,970.56,19,1249.48,treatment
2025-07-21 04:32:04.560712,search_campaign,search,114634,5578,7230.94,109,10952.77,treatment
2025-07-21 04:32:04.560712,social_campaign,social,78148,1358,951.46,17,1288.34,treatment
2025-07-21 04:32:04.560712,display_campaign,display,45009,449,201.5,6,316.71,treatment
2025-07-21 04:32:04.560712,email_campaign,email,22136,2035,327.22,66,4136.1,control
2025-07-21 04:32:04.560712,affiliate_campaign,affiliate,30820,594,633.56,8,594.24,treatment
2025-07-21 04:32:04.560712,video_campaign,video,44442,412,366.31,12,865.51,control
2025-07-22 04:32:04.560712,search_campaign,search,100174,2119,2378.34,77,7397.67,control
2025-07-22 04:32:04.560712,social_campaign,social,85108,1834,1615.58,41,3503.26,control
2025-07-22 04:32:04.560712,display_campaign,display,54547,394,206.45,6,409.23,treatment
2025-07-22 04:32:04.560712,email_campaign,email,17209,1944,338.12,97,5704.21,control
2025-07-22 04:32:04.560712,affiliate_campaign,affiliate,28275,774,791.34,37,2992.56,control
2025-07-22 04:32:04.560712,video_campaign,video,27703,422,514.36,11,723.41,control
2025-07-23 04:32:04.560712,search_campaign,search,92701,3564,3982.45,69,6586.12,control
2025-07-23 04:32:04.560712,social_campaign,social,111321,2443,2331.96,35,2772.11,treatment
2025-07-23 04:32:04.560712,display_campaign,display,55986,467,255.96,1,60.4,treatment
2025-07-23 04:32:04.560712,email_campaign,email,26131,2410,289.8,103,5649.67,treatment
2025-07-23 04:32:04.560712,affiliate_campaign,affiliate,27698,601,615.02,9,750.12,treatment
2025-07-23 04:32:04.560712,video_campaign,video,52640,532,553.4,14,1019.29,control
2025-07-24 04:32:04.560712,search_campaign,search,123077,3768,4519.49,122,11678.62,control
2025-07-24 04:32:04.560712,social_campaign,social,105946,1146,925.5,19,1485.1,treatment
2025-07-24 04:32:04.560712,display_campaign,display,62820,449,241.64,7,387.76,treatment
2025-07-24 04:32:04.560712,email_campaign,email,22587,2688,379.21,97,5473.24,treatment
2025-07-24 04:32:04.560712,affiliate_campaign,affiliate,17923,521,476.89,4,332.88,control
2025-07-24 04:32:04.560712,video_campaign,video,36156,399,394.45,4,320.88,control
2025-07-25 04:32:04.560712,search_campaign,search,116566,4217,5502.54,156,14414.17,treatment
2025-07-25 04:32:04.560712,social_campaign,social,89010,1399,1234.04,39,3002.12,control
2025-07-25 04:32:04.560712,display_campaign,display,49953,196,90.56,3,154.73,control
2025-07-25 04:32:04.560712,email_campaign,email,17580,2305,301.41,102,5612.83,treatment
2025-07-25 04:32:04.560712,affiliate_campaign,affiliate,8405,139,144.26,2,156.5,treatment
2025-07-25 04:32:04.560712,video_campaign,video,41442,741,700.8,11,848.76,control
2025-07-26 04:32:04.560712,search_campaign,search,91448,3493,4506.9,156,15581.43,treatment
2025-07-26 04:32:04.560712,social_campaign,social,90179,1327,938.43,29,1883.46,control
2025-07-26 04:32:04.560712,display_campaign,display,57162,525,312.58,2,134.1,treatment
2025-07-26 04:32:04.560712,email_campaign,email,21308,2982,422.92,187,11449.88,control
2025-07-26 04:32:04.560712,affiliate_campaign,affiliate,23159,687,558.48,20,1823.36,treatment
2025-07-26 04:32:04.560712,video_campaign,video,41019,431,396.36,11,866.4,control
2025-07-27 04:32:04.560712,search_campaign,search,130296,2899,3703.62,117,9252.43,treatment
2025-07-27 04:32:04.560712,social_campaign,social,91744,1339,1140.17,19,1424.33,treatment
2025-07-27 04:32:04.560712,display_campaign,display,73967,630,309.48,7,446.79,treatment
2025-07-27 04:32:04.560712,email_campaign,email,20316,2075,264.5,67,3936.19,treatment
2025-07-27 04:32:04.560712,affiliate_campaign,affiliate,27919,899,732.59,36,3217.57,treatment
2025-07-27 04:32:04.560712,video_campaign,video,33061,317,414.0,4,286.03,control
2025-07-28 04:32:04.560712,search_campaign,search,120355,3418,3409.46,66,5154.57,treatment
2025-07-28 04:32:04.560712,social_campaign,social,71522,1353,891.37,22,1531.56,control
2025-07-28 04:32:04.560712,display_campaign,display,61848,596,309.32,12,777.26,control
2025-07-28 04:32:04.560712,email_campaign,email,16197,1719,230.04,62,3794.97,treatment
2025-07-28 04:32:04.560712,affiliate_campaign,affiliate,26053,632,587.88,17,1183.66,treatment
2025-07-28 04:32:04.560712,video_campaign,video,39143,326,379.7,9,722.73,control
2025-07-29 04:32:04.560712,search_campaign,search,114885,3877,3907.13,96,8845.75,treatment
2025-07-29 04:32:04.560712,social_campaign,social,90533,1711,1596.37,40,2701.56,treatment
2025-07-29 04:32:04.560712,display_campaign,display,46873,346,170.17,4,253.89,treatment
2025-07-29 04:32:04.560712,email_campaign,email,20566,1960,330.99,106,5788.8,treatment
2025-07-29 04:32:04.560712,affiliate_campaign,affiliate,19713,650,661.04,26,1783.09,treatment
2025-07-29 04:32:04.560712,video_campaign,video,42514,429,381.8,11,709.13,control
2025-07-30 04:32:04.560712,search_campaign,search,145291,4109,5618.93,195,16683.96,treatment
2025-07-30 04:32:04.560712,social_campaign,social,75569,1475,1232.54,37,2908.98,treatment
2025-07-30 04:32:04.560712,display_campaign,display,53899,398,162.42,4,258.11,control
2025-07-30 04:32:04.560712,email_campaign,email,17392,1865,249.15,99,5351.8,control
2025-07-30 04:32:04.560712,affiliate_campaign,affiliate,24333,609,579.49,23,1603.42,control
2025-07-30 04:32:04.560712,video_campaign,video,37623,471,557.05,13,785.59,treatment
2025-07-31 04:32:04.560712,search_campaign,search,115672,4722,4822.64,221,18106.61,control
2025-07-31 04:32:04.560712,social_campaign,social,78133,1241,883.85,15,1099.33,treatment
2025-07-31 04:32:04.560712,display_campaign,display,74318,418,215.33,4,208.08,treatment
2025-07-31 04:32:04.560712,email_campaign,email,26920,2694,390.83,159,8968.8,treatment
2025-07-31 04:32:04.560712,affiliate_campaign,affiliate,23432,792,841.62,23,1870.05,control
2025-07-31 04:32:04.560712,video_campaign,video,44531,448,590.94,8,632.52,control
2025-08-01 04:32:04.560712,search_campaign,search,98219,2610,3250.83,119,10531.33,treatment
2025-08-01 04:32:04.560712,social_campaign,social,66177,1017,654.42,22,1509.06,control
2025-08-01 04:32:04.560712,display_campaign,display,82277,583,240.88,4,208.08,control
2025-08-01 04:32:04.560712,email_campaign,email,12624,689,85.03,56,3307.86,treatment
2025-08-01 04:32:04.560712,affiliate_campaign,affiliate,25962,348,275.99,12,942.96,control
2025-08-01 04:32:04.560712,video_campaign,video,45953,594,568.42,4,240.71,treatment
2025-08-02 04:32:04.560712,search_campaign,search,104251,3275,3326.5,61,5244.37,treatment
2025-08-02 04:32:04.560712,social_campaign,social,58787,1325,1032.97,32,2593.15,treatment
2025-08-02 04:32:04.560712,display_campaign,display,60098,477,236.67,7,379.96,control
2025-08-02 04:32:04.560712,email_campaign,email,21255,3434,577.63,189,8927.54,control
2025-08-02 04:32:04.560712,affiliate_campaign,affiliate,23417,577,528.85,23,1751.58,control
2025-08-02 04:32:04.560712,video_campaign,video,38310,407,522.08,9,569.37,control
2025-08-03 04:32:04.560712,search_campaign,search,102899,3271,4052.79,109,9949.56,control
2025-08-03 04:32:04.560712,social_campaign,social,69330,957,831.72,19,1355.67,treatment
2025-08-03 04:32:04.560712,display_campaign,display,41114,382,160.39,7,443.74,treatment
2025-08-03 04:32:04.560712,email_campaign,email,14313,1355,167.21,67,3729.11,treatment
2025-08-03 04:32:04.560712,affiliate_campaign,affiliate,14335,335,289.13,11,760.61,control
2025-08-03 04:32:04.560712,video_campaign,video,45299,374,452.28,5,377.69,treatment
2025-08-04 04:32:04.560712,search_campaign,search,113913,2740,3549.43,97,8302.23,control
2025-08-04 04:32:04.560712,social_campaign,social,101785,1878,1406.7,21,1420.65,control
2025-08-04 04:32:04.560712,display_campaign,display,58080,404,233.2,5,288.93,control
2025-08-04 04:32:04.560712,email_campaign,email,23312,3479,603.56,99,5480.76,control
2025-08-04 04:32:04.560712,affiliate_campaign,affiliate,23520,376,309.18,7,561.73,control
2025-08-04 04:32:04.560712,video_campaign,video,49833,764,867.27,12,817.17,treatment
2025-08-05 04:32:04.560712,search_campaign,search,98760,3671,3953.95,83,7714.4,control
2025-08-05 04:32:04.560712,social_campaign,social,110752,1928,1288.77,31,2558.72,control
2025-08-05 04:32:04.560712,display_campaign,display,64568,484,200.67,4,224.9,control
2025-08-05 04:32:04.560712,email_campaign,email,15713,2073,272.61,124,6574.43,control
2025-08-05 04:32:04.560712,affiliate_campaign,affiliate,21185,261,276.17,4,361.04,control
2025-08-05 04:32:04.560712,video_campaign,video,36136,377,364.76,6,394.72,control
2025-08-06 04:32:04.560712,search_campaign,search,130469,3304,4613.89,87,8173.85,control
2025-08-06 04:32:04.560712,social_campaign,social,90347,1554,1039.35,25,1810.22,treatment
2025-08-06 04:32:04.560712,display_campaign,display,54809,382,172.34,9,610.93,control
2025-08-06 04:32:04.560712,email_campaign,email,19820,2036,262.25,73,3606.86,treatment
2025-08-06 04:32:04.560712,affiliate_campaign,affiliate,23618,766,738.09,22,1842.58,control
2025-08-06 04:32:04.560712,video_campaign,video,41381,567,583.85,5,363.25,treatment
2025-08-07 04:32:04.560712,search_campaign,search,113728,4262,5146.5,161,15501.69,treatment
2025-08-07 04:32:04.560712,social_campaign,social,99708,1616,1323.31,25,1959.23,control
2025-08-07 04:32:04.560712,display_campaign,display,63126,552,324.68,7,460.2,control
2025-08-07 04:32:04.560712,email_campaign,email,20103,2373,304.54,147,8225.61,treatment
2025-08-07 04:32:04.560712,affiliate_campaign,affiliate,26717,964,1037.11,19,1319.43,treatment
2025-08-07 04:32:04.560712,video_campaign,video,41927,427,380.14,5,390.84,treatment
2025-08-08 04:32:04.560712,search_campaign,search,126583,3261,4407.69,125,11779.49,treatment
2025-08-08 04:32:04.560712,social_campaign,social,81472,1563,1095.22,37,2913.13,control
2025-08-08 04:32:04.560712,display_campaign,display,79572,704,359.47,8,491.08,treatment
2025-08-08 04:32:04.560712,email_campaign,email,22276,1837,250.39,76,4277.4,treatment
2025-08-08 04:32:04.560712,affiliate_campaign,affiliate,28737,546,480.19,10,894.62,treatment
2025-08-08 04:32:04.560712,video_campaign,video,38021,322,407.57,11,797.9,control
2025-08-09 04:32:04.560712,search_campaign,search,123850,4572,6289.97,224,18770.77,treatment
2025-08-09 04:32:04.560712,social_campaign,social,90810,1678,1344.75,26,1705.51,control
2025-08-09 04:32:04.560712,display_campaign,display,66924,541,271.88,1,66.04,control
2025-08-09 04:32:04.560712,email_campaign,email,21644,3032,492.57,189,10893.94,control
2025-08-09 04:32:04.560712,affiliate_campaign,affiliate,29154,633,657.02,18,1455.9,control
2025-08-09 04:32:04.560712,video_campaign,video,47289,580,740.31,19,1414.41,control
2025-08-10 04:32:04.560712,search_campaign,search,141398,4563,5528.68,141,12676.03,treatment
2025-08-10 04:32:04.560712,social_campaign,social,91365,1718,1445.6,32,2311.85,control
2025-08-10 04:32:04.560712,display_campaign,display,63430,364,171.62,3,204.31,treatment
2025-08-10 04:32:04.560712,email_campaign,email,21251,1846,259.47,77,4793.7,control
2025-08-10 04:32:04.560712,affiliate_campaign,affiliate,20047,655,498.09,18,1645.74,control
2025-08-10 04:32:04.560712,video_campaign,video,36785,504,562.78,10,683.08,control
2025-08-11 04:32:04.560712,search_campaign,search,138790,3780,3635.6,117,9352.14,treatment
2025-08-11 04:32:04.560712,social_campaign,social,68215,1310,1218.58,38,2512.14,treatment
2025-08-11 04:32:04.560712,display_campaign,display,52865,517,209.89,3,195.45,treatment
2025-08-11 04:32:04.560712,email_campaign,email,18167,1958,322.36,93,5704.97,control
2025-08-11 04:32:04.560712,affiliate_campaign,affiliate,28867,769,615.41,19,1708.89,control
2025-08-11 04:32:04.560712,video_campaign,video,21038,266,299.81,3,209.45,control
2025-08-12 04:32:04.560712,search_campaign,search,126998,2779,2907.48,83,8024.94,control
2025-08-12 04:32:04.560712,social_campaign,social,92396,1953,1782.44,28,1811.04,treatment
2025-08-12 04:32:04.560712,display_campaign,display,52078,304,143.93,7,482.23,treatment
2025-08-12 04:32:04.560712,email_campaign,email,18855,2378,295.39,55,3270.94,treatment
2025-08-12 04:32:04.560712,affiliate_campaign,affiliate,22899,684,731.52,28,2152.55,control
2025-08-12 04:32:04.560712,video_campaign,video,34450,539,588.14,7,493.34,treatment
2025-08-13 04:32:04.560712,search_campaign,search,142535,6134,6710.5,203,15683.63,control
2025-08-13 04:32:04.560712,social_campaign,social,84065,1057,737.18,26,1761.77,control
2025-08-13 04:32:04.560712,display_campaign,display,49852,491,275.05,5,287.09,control
2025-08-13 04:32:04.560712,email_campaign,email,20549,2456,412.67,176,10168.47,control
2025-08-13 04:32:04.560712,affiliate_campaign,affiliate,22086,740,601.08,23,2103.19,treatment
2025-08-13 04:32:04.560712,video_campaign,video,39953,605,733.37,14,909.61,treatment
